life_pct,rms_rm_norm,kurtosis_rm_norm
0.0,0.04942660184889282,0.3773467985242849
0.1001001001001001,0.05010133867814225,0.4105497924062353
0.2002002002002002,0.05032495311807274,0.36240787488201376
0.3003003003003003,0.05703575832826881,0.37419583648340426
0.4004004004004004,0.06431642554958444,0.453053435347954
0.5005005005005005,0.06367453651492723,0.49527447687034903
0.6006006006006006,0.06420421514157179,0.5672177287398461
0.7007007007007008,0.06006415650632778,0.5428794956563859
0.8008008008008008,0.057653373311302075,0.5119943397599365
0.9009009009009009,0.05843244500618668,0.444418003508574
1.001001001001001,0.05574320126391646,0.4114886305122627
1.1011011011011012,0.048134468929057594,0.43949923535870455
1.2012012012012012,0.04384119958478763,0.41292056988043446
1.3013013013013013,0.042682141082287246,0.41010672777980595
1.4014014014014016,0.04122485822463216,0.3273954624848627
1.5015015015015016,0.039745732583001105,0.34657652126274696
1.6016016016016017,0.03815037010416564,0.3282248803682762
1.7017017017017018,0.036794112350031875,0.32998050567856135
1.8018018018018018,0.034789441170678205,0.29004838702858454
1.9019019019019021,0.033349124470414625,0.2537875839330257
2.002002002002002,0.034106465227936714,0.24617425136654347
2.1021021021021022,0.038078044800419465,0.23369603171279546
2.2022022022022023,0.03655649646253258,0.19859087496876754
2.3023023023023024,0.03411942333113073,0.14835497745372658
2.4024024024024024,0.031560418915306795,0.10480766638122661
2.5025025025025025,0.031196542706756807,0.07664160533860098
2.6026026026026026,0.02911209098076298,0.07729815935461468
2.702702702702703,0.029925251515648697,0.0900456575071109
2.802802802802803,0.029059083196812868,0.12500768011320654
2.902902902902903,0.028033557808605676,0.1422949160366337
3.0030030030030033,0.02750147951286966,0.1634663642452381
3.1031031031031033,0.0276077438798764,0.14262129977182944
3.2032032032032034,0.027214886625498015,0.15003757887282634
3.3033033033033035,0.027119939220096922,0.12900477518672732
3.4034034034034035,0.025550568555512788,0.1377649227300745
3.5035035035035036,0.025411732116411477,0.13217660211766083
3.6036036036036037,0.024384417337914365,0.12680033790544593
3.7037037037037037,0.02336045804185179,0.13288529824550868
3.8038038038038042,0.02181103260837268,0.1114075773608502
3.9039039039039043,0.019909562500347255,0.08799301170814836
4.004004004004004,0.018723546568082117,0.0960769495268352
4.104104104104104,0.017752011919980246,0.11593358361505177
4.2042042042042045,0.017053131996091545,0.12845709262043487
4.3043043043043046,0.016520188203964673,0.12949398481138202
4.404404404404405,0.01572311853231508,0.13373358522284892
4.504504504504505,0.015587846609983485,0.13215868334507266
4.604604604604605,0.015186155687468608,0.14451640079402683
4.704704704704705,0.015368456138582696,0.13299854288979032
4.804804804804805,0.01589777625251612,0.13897148206895177
4.904904904904905,0.016355297003804586,0.1521053231208997
5.005005005005005,0.015541753588667289,0.15960782778620433
5.105105105105105,0.015521845880804538,0.16146076828001718
5.205205205205205,0.015711173863820458,0.15827110714405127
5.305305305305305,0.016189778903656898,0.15821056780215545
5.405405405405406,0.016198549052467693,0.17164189244693676
5.505505505505506,0.01605900259722827,0.17777180497136216
5.605605605605606,0.01640460291065004,0.1903078247973266
5.705705705705706,0.01651946670798745,0.18769891576190637
5.805805805805806,0.01619883320745462,0.18973304726185128
5.9059059059059065,0.016689008632739172,0.19612855435901524
6.0060060060060065,0.01672008602490435,0.18901124129766292
6.106106106106107,0.016759658065477745,0.20188680684274155
6.206206206206207,0.016743520956683678,0.20069973340552896
6.306306306306307,0.017750669726182656,0.21717817293806221
6.406406406406407,0.01800874421702839,0.21171588608138223
6.506506506506507,0.018079364272469707,0.19512753166561173
6.606606606606607,0.017445489853806534,0.19152916373750964
6.706706706706707,0.01702188468131613,0.1871986195652072
6.806806806806807,0.016489159736867397,0.1908349345342556
6.906906906906907,0.016113392957300184,0.18583812033224315
7.007007007007007,0.01595197134124694,0.1774091864371391
7.107107107107107,0.01578493503623609,0.1764521170221074
7.207207207207207,0.014965967348223384,0.1819175082858587
7.307307307307307,0.011421574568491586,0.1893448433695703
7.407407407407407,0.013221811138720892,0.18510134619917615
7.507507507507508,0.019746788456819122,0.20250862733433517
7.6076076076076085,0.02781734505600187,0.21215559551796623
7.7077077077077085,0.03678770366689184,0.23398837937231065
7.807807807807809,0.045405883433502145,0.24450653777585693
7.907907907907909,0.05391471864089409,0.24546180288869027
8.008008008008009,0.06271822455548556,0.24249961643817936
8.108108108108109,0.07076281649536606,0.24305114419886029
8.208208208208209,0.07279153061813796,0.24571751928893623
8.308308308308309,0.07389172019612512,0.26195783942689604
8.408408408408409,0.07473901910202926,0.2575708270513068
8.508508508508509,0.07552934659030977,0.23340213409900676
8.608608608608609,0.07520351400380124,0.2356943206830155
8.70870870870871,0.07583385431798305,0.23462426600428354
8.80880880880881,0.07672794222024455,0.2437376535642167
8.90890890890891,0.07767570058482666,0.2515357756998552
9.00900900900901,0.0779434541797271,0.2455295892697338
9.10910910910911,0.07670886532161385,0.22354012847265542
9.20920920920921,0.07604714034336106,0.19823972926204264
9.30930930930931,0.07641303208228023,0.20132091278504577
9.40940940940941,0.07615678089585777,0.18526440697687635
9.50950950950951,0.07653968062969621,0.17838523038491194
9.60960960960961,0.0761875726682639,0.18421448380099148
9.70970970970971,0.07631283083642063,0.1738834452361104
9.80980980980981,0.07598499670044258,0.1670610977391742
9.90990990990991,0.07564354530373728,0.168152972293365
10.01001001001001,0.07555319873127864,0.18834595830287754
10.11011011011011,0.07475351899142282,0.19665158584563797
10.21021021021021,0.07456327437994283,0.20311999816349022
10.31031031031031,0.07474305067720592,0.2006132615518138
10.41041041041041,0.07539177644483905,0.21764986275082832
10.51051051051051,0.0751138603011878,0.22665799488549898
10.61061061061061,0.07470902560696131,0.23994964321093087
10.710710710710712,0.0748546327835819,0.2408245916511816
10.810810810810812,0.07495799624131674,0.2544700266043113
10.910910910910912,0.07528755189176335,0.24637102671956385
11.011011011011012,0.07583246480853117,0.2700035404011553
11.111111111111112,0.07636100072798647,0.2624432081991746
11.211211211211213,0.07663799839802211,0.270851307744185
11.311311311311313,0.07636680189308666,0.27781084335960665
11.411411411411413,0.07596483909520522,0.2746728566675593
11.511511511511513,0.07505705331708916,0.27359087030345053
11.611611611611613,0.07500848207318758,0.2819215667585538
11.711711711711713,0.07471005062392044,0.30014822985071493
11.811811811811813,0.07464147405526494,0.3107246433731264
11.911911911911913,0.07383525078530415,0.30212888951849565
12.012012012012013,0.07437592760014,0.31534987530498826
12.112112112112113,0.07414437700410315,0.3147269007726736
12.212212212212213,0.07353964755747211,0.3208962958827033
12.312312312312313,0.07391861156085477,0.32963838793646205
12.412412412412413,0.07382885520363221,0.34439341327037454
12.512512512512513,0.07462402763243413,0.3547480189680864
12.612612612612613,0.07545235773424112,0.3661154762401989
12.712712712712714,0.07573914684830649,0.3455150617354471
12.812812812812814,0.07618191971607968,0.35911801362484685
12.912912912912914,0.0762233730527432,0.3656358109435723
13.013013013013014,0.07618861316478522,0.3748367171460676
13.113113113113114,0.07695365991036653,0.3755421744680305
13.213213213213214,0.076944976327441,0.3782465141016034
13.313313313313314,0.07738645506275275,0.36907470905096595
13.413413413413414,0.07815437844038098,0.36900171766965684
13.513513513513514,0.07791635391452861,0.35485779472371554
13.613613613613614,0.07792381097336645,0.35462640398664264
13.713713713713714,0.07667858224660826,0.33219647984971384
13.813813813813814,0.07636713488021167,0.320032050883561
13.913913913913914,0.07638908772872476,0.3209368401770051
14.014014014014014,0.07649778363973878,0.3106195363549095
14.114114114114114,0.07736706435568524,0.31443606366071075
14.214214214214214,0.07765220311866844,0.3136848993393996
14.314314314314315,0.07749554597825427,0.3075150385078372
14.414414414414415,0.07716751802800331,0.29781990145227455
14.514514514514515,0.07654098714820932,0.295493564944723
14.614614614614615,0.07653157985955447,0.3128723068462812
14.714714714714715,0.07724023586308666,0.31547869306629034
14.814814814814815,0.0780134310537319,0.3235257702541233
14.914914914914915,0.08106346942018335,0.3252383039468505
15.015015015015017,0.08100862715098234,0.34659119650272846
15.115115115115117,0.08055068921544735,0.3574767232984223
15.215215215215217,0.08043917009232944,0.3844115779003119
15.315315315315317,0.08071574542202761,0.40012938112973206
15.415415415415417,0.08157649661135662,0.40093285031503423
15.515515515515517,0.08331851475960082,0.39424894184401366
15.615615615615617,0.08375614786493524,0.3919665296238982
15.715715715715717,0.08311172732913538,0.38377127270481887
15.815815815815817,0.08054626638818452,0.38459351617964393
15.915915915915917,0.08054694490027652,0.3632707141840133
16.016016016016017,0.08055344633164414,0.3438706232024244
16.116116116116117,0.08050150375991681,0.33586895650478615
16.216216216216218,0.08016801528516518,0.3215462488939411
16.316316316316318,0.08091617514320067,0.3175240673055674
16.416416416416418,0.08041330151616372,0.3112990665972851
16.516516516516518,0.0803258285794895,0.3216079302253596
16.616616616616618,0.08004919334988526,0.32248370354370554
16.716716716716718,0.08005021591608816,0.34958982831392654
16.816816816816818,0.07984436970063884,0.3674631531053109
16.916916916916918,0.08034680808494422,0.3925737561744245
17.017017017017018,0.08080894791020615,0.38794887235397574
17.117117117117118,0.08129793518534956,0.3908342395034842
17.217217217217218,0.08151781806350758,0.4046906322869289
17.31731731731732,0.08259683553950076,0.4216193390222918
17.41741741741742,0.08263738852127185,0.4103186799581526
17.51751751751752,0.08212410310768781,0.4195630825971021
17.61761761761762,0.08234504214410315,0.419918259559431
17.71771771771772,0.08280675983703265,0.41560038183248654
17.81781781781782,0.08285457550040788,0.41722470778910997
17.91791791791792,0.08306385867516648,0.42419874616350967
18.01801801801802,0.08274186220066404,0.44466423846822284
18.11811811811812,0.08316217331117148,0.43912859105550484
18.21821821821822,0.08302723906283174,0.42596717321571126
18.31831831831832,0.08358491902021344,0.4341006661433169
18.41841841841842,0.08433350600834087,0.4412106137378014
18.51851851851852,0.08524293672207435,0.4536532476657699
18.61861861861862,0.08563844721578301,0.461858569321729
18.71871871871872,0.08547834767614823,0.45680831155171514
18.81881881881882,0.08565900059537544,0.4452175059917848
18.91891891891892,0.08524693129248039,0.44748400945871997
19.01901901901902,0.08546508313530295,0.446311564714661
19.11911911911912,0.08519390955768845,0.4461884854824784
19.21921921921922,0.0857662281803008,0.4245559525448639
19.31931931931932,0.08435895944921233,0.41080223384442643
19.41941941941942,0.08449594362038923,0.4063037503999517
19.51951951951952,0.08431940250653552,0.4086689487398057
19.61961961961962,0.0840566400333788,0.4307918172568605
19.71971971971972,0.08283874836860702,0.42098770416524167
19.81981981981982,0.08248415163125052,0.42199425279206015
19.91991991991992,0.0821026937454426,0.41710241703917084
20.02002002002002,0.08171770249097231,0.4291918240650103
20.12012012012012,0.08130482146657733,0.4417675427968167
20.22022022022022,0.08200865793345759,0.4473877429921147
20.32032032032032,0.08196927480438035,0.42198377277995214
20.42042042042042,0.08219003254876057,0.4161040841715815
20.52052052052052,0.08189618612972105,0.40267098643924304
20.62062062062062,0.08229449372114923,0.40913156638037573
20.72072072072072,0.08284960562803427,0.43090043433766734
20.82082082082082,0.08362064902122485,0.42037939931779245
20.92092092092092,0.08413159323548333,0.40551149213898807
21.02102102102102,0.0842062544079686,0.3779504189852344
21.12112112112112,0.08334361913343591,0.36646666326130917
21.22122122122122,0.08390438193534402,0.35691871531631
21.32132132132132,0.0830325712081686,0.34842099332159865
21.421421421421424,0.08312222891864943,0.3431131144758791
21.521521521521525,0.08244451369769096,0.3428511864788916
21.621621621621625,0.08308153368172884,0.32548457758996874
21.721721721721725,0.08247696549846018,0.3134077816318272
21.821821821821825,0.08183576763612792,0.3125193719660375
21.921921921921925,0.08190844853837911,0.3050126279729552
22.022022022022025,0.08148865445628273,0.30112774519023056
22.122122122122125,0.08197369849857253,0.30263904433080474
22.222222222222225,0.08251501708262479,0.29723477085416444
22.322322322322325,0.08393161125647754,0.308565341154061
22.422422422422425,0.08452568903887708,0.31148227226094216
22.522522522522525,0.08392225971571249,0.3278080683175233
22.622622622622625,0.08318518291809252,0.33991553923896806
22.722722722722725,0.0831916928997177,0.3267855919517352
22.822822822822825,0.0831606572659777,0.313834448268106
22.922922922922925,0.0831289477404547,0.30338893457227584
23.023023023023026,0.08318323337418153,0.30053554161743834
23.123123123123126,0.08257057707216402,0.3014132710340041
23.223223223223226,0.08281207782625606,0.3015709130455619
23.323323323323326,0.08237751629875494,0.29864576530709197
23.423423423423426,0.08357362964855664,0.30361006988645683
23.523523523523526,0.08398003149162175,0.2966727074465964
23.623623623623626,0.08484356013343346,0.2973965834864228
23.723723723723726,0.08429256230668888,0.3030384067880614
23.823823823823826,0.08453478462279805,0.3001075751931856
23.923923923923926,0.08476363495937432,0.3014602607765114
24.024024024024026,0.08430387920007942,0.2866332370171977
24.124124124124126,0.08406765547420803,0.29688226344484203
24.224224224224226,0.08389723407261543,0.2995563836408338
24.324324324324326,0.08432289728899425,0.29252526459851963
24.424424424424426,0.08434851132354898,0.2658647946822882
24.524524524524526,0.08576963307926865,0.25707935930500964
24.624624624624627,0.08697261105212382,0.2576312112334759
24.724724724724727,0.08914936643914313,0.2633483551229274
24.824824824824827,0.09008828472970314,0.2613990650707632
24.924924924924927,0.09094050440531944,0.25684528180323757
25.025025025025027,0.09173900758606518,0.2579908365700998
25.125125125125127,0.0922212973443922,0.2652938153180931
25.225225225225227,0.09210331064582034,0.2706490087786583
25.325325325325327,0.08800666837354126,0.264438253046565
25.425425425425427,0.08549280356176239,0.2635465995716914
25.525525525525527,0.08312614032410749,0.2745257831089495
25.625625625625627,0.08401191002311766,0.29182625770511117
25.725725725725727,0.08329443586968567,0.304808719367485
25.825825825825827,0.08378303423388381,0.297560594065997
25.925925925925927,0.08336978880346857,0.31883733197474545
26.026026026026027,0.08269899120364141,0.3369942208822264
26.126126126126128,0.08040915057086394,0.350353020118708
26.226226226226228,0.08014985871996565,0.37466851857311745
26.326326326326328,0.0805446066606284,0.39453471728224565
26.426426426426428,0.08280720118392117,0.4076640146788072
26.526526526526528,0.08263769257384161,0.4077934254471794
26.626626626626628,0.08279584333091605,0.3997793512990056
26.726726726726728,0.0829271135278519,0.4247073161006767
26.826826826826828,0.08255619268348778,0.42519490767518975
26.926926926926928,0.08160552774536668,0.41880863402851426
27.027027027027028,0.08096006385904125,0.3892876865099883
27.127127127127128,0.08038792165211472,0.3723324015800274
27.227227227227228,0.08225586099597976,0.34521436164272234
27.32732732732733,0.08225799909404756,0.3386703886103928
27.42742742742743,0.08217704169048454,0.3306783330413789
27.52752752752753,0.08184923220785001,0.315235883052445
27.62762762762763,0.08147836285766571,0.3131139398779403
27.72772772772773,0.08080253395879912,0.31679944673768146
27.82782782782783,0.08065157397392601,0.3082589393797171
27.92792792792793,0.08082982777121951,0.3100416469839115
28.02802802802803,0.0813745455898318,0.2926769061661005
28.12812812812813,0.08050597485597523,0.2953681848924314
28.22822822822823,0.07966903538688087,0.28713679568979084
28.32832832832833,0.0785122826432537,0.267732457906471
28.42842842842843,0.07850719453881583,0.2565666237560519
28.52852852852853,0.07884409304158713,0.24423877795783944
28.62862862862863,0.07903641278908025,0.23177307793302274
28.72872872872873,0.07926118697678468,0.21537350451374737
28.82882882882883,0.07857088073564225,0.205389627582218
28.92892892892893,0.0782688280005427,0.20209532411503112
29.02902902902903,0.07856089446465209,0.2024222529517562
29.12912912912913,0.07853247815735477,0.2202724116982804
29.22922922922923,0.07975960439305135,0.24048437515753118
29.32932932932933,0.07996878923734915,0.25940758815614673
29.42942942942943,0.07929494321891457,0.26074067239207654
29.52952952952953,0.07854544122030876,0.26054653106313824
29.62962962962963,0.0786853391148743,0.27828450567342716
29.72972972972973,0.07965109105046911,0.2944212047837863
29.82982982982983,0.08022689552037998,0.29659397560980977
29.929929929929934,0.07989992538203167,0.2705392497846195
30.030030030030034,0.08060619360124979,0.28556862442167474
30.130130130130134,0.08035374387635728,0.28288466949188784
30.230230230230234,0.08015784922254755,0.2932412997112634
30.330330330330334,0.07948370682067359,0.2959554766388612
30.430430430430434,0.07974260950912845,0.3034543251231295
30.530530530530534,0.07927956796288657,0.31979190300124
30.630630630630634,0.07878803646376317,0.34493985164277885
30.730730730730734,0.07861598123546916,0.3409122270973191
30.830830830830834,0.07939695483480848,0.33579920902689886
30.930930930930934,0.08019159118236235,0.3234231746760103
31.031031031031034,0.0823617153665109,0.3242533503526663
31.131131131131134,0.08045219015446511,0.31288852573430315
31.231231231231234,0.08099863402871747,0.32156302656069946
31.331331331331334,0.0812470613513218,0.32005349144399636
31.431431431431434,0.08176128950875076,0.34150334649215525
31.531531531531535,0.08192098270122164,0.3454726375368379
31.631631631631635,0.08100486958660609,0.3754733139856435
31.731731731731735,0.08166528565146315,0.3778249559850352
31.831831831831835,0.08110466873058536,0.36787725637052204
31.931931931931935,0.07861102027892033,0.3643365359711093
32.032032032032035,0.07856707061174567,0.3649406130988709
32.132132132132135,0.07857437607998125,0.3308626629137645
32.232232232232235,0.08024682444194685,0.32098939284219485
32.332332332332335,0.0794240939769733,0.30008706134524094
32.432432432432435,0.0808484874236181,0.2939034476344974
32.532532532532535,0.08179452437934169,0.2949003896070613
32.632632632632635,0.0806917220584045,0.3002031598361897
32.732732732732735,0.08000966646322198,0.3311520574436219
32.832832832832835,0.08024072263123197,0.34670561054243565
32.932932932932935,0.08126925616049493,0.3444280352941134
33.033033033033036,0.08265432702934107,0.35586037692058636
33.133133133133136,0.08245788696869723,0.35078308923603496
33.233233233233236,0.08285491725911669,0.33382550424418606
33.333333333333336,0.08337740606049393,0.30672147805518707
33.433433433433436,0.08304425139123646,0.2878266491311409
33.533533533533536,0.08278459574671207,0.28273745584993604
33.633633633633636,0.08216503061177649,0.2663030733352013
33.733733733733736,0.08263648543661355,0.26950392959748154
33.833833833833836,0.0830834879647514,0.2763689338910092
33.933933933933936,0.08306742831273721,0.2855591164364087
34.034034034034036,0.08372173138716263,0.2949806665377175
34.134134134134136,0.08488697317984334,0.3232552862550389
34.234234234234236,0.08436283809339569,0.351983939780761
34.334334334334336,0.08446000594417195,0.3596723714989851
34.434434434434436,0.08425619001413204,0.36068840352837134
34.53453453453454,0.08442961974861596,0.36615034955975806
34.63463463463464,0.08390211572166725,0.3666573584097038
34.73473473473474,0.08333724874412772,0.3454773811177246
34.83483483483484,0.08233185786384674,0.34731137386357913
34.93493493493494,0.08218267362295206,0.37570790035450136
35.03503503503504,0.08257951899918499,0.38526694003999
35.13513513513514,0.0840466891883566,0.38256324141360576
35.23523523523524,0.08408716803586243,0.41464122519800206
35.33533533533534,0.08350857701046027,0.42495204802633935
35.43543543543544,0.08284746367503011,0.42065721644975507
35.53553553553554,0.08287607183183067,0.4149388265594513
35.63563563563564,0.0818009160240529,0.410826094416792
35.73573573573574,0.08121454762727676,0.4166130525549925
35.83583583583584,0.08085799019598985,0.40921460664422743
35.93593593593594,0.0807754268371755,0.38948366119999545
36.03603603603604,0.0809546775388209,0.3873973567864031
36.13613613613614,0.08113010367496695,0.3588277162620799
36.23623623623624,0.08093758996237034,0.3418614528696849
36.33633633633634,0.08148455936771705,0.33596490071965973
36.43643643643644,0.08147085268154648,0.3408815788105147
36.53653653653654,0.08204043730454048,0.34934706131041204
36.63663663663664,0.0819503783974525,0.3595355230928074
36.73673673673674,0.08251914351883413,0.36799142334495094
36.83683683683684,0.08248069498054147,0.35854282506054663
36.93693693693694,0.09207359614280466,0.3468321166063405
37.03703703703704,0.10393134437175229,0.3351590158061096
37.13713713713714,0.11684028409243788,0.3421635526468565
37.23723723723724,0.11221948714832067,0.36269663180645006
37.33733733733734,0.10379203872114914,0.37491539109953775
37.43743743743744,0.09825630483439957,0.385524110996681
37.53753753753754,0.09338792893908701,0.38265184821752624
37.63763763763764,0.09108579048136642,0.3831008388534475
37.73773773773774,0.08895235631992013,0.3686979736541951
37.83783783783784,0.08637295327131692,0.3677200290147653
37.93793793793794,0.08482935726968674,0.3664175062017916
38.03803803803804,0.08435307464338261,0.38321697471901983
38.13813813813814,0.08419144980982259,0.38725832354545253
38.23823823823824,0.08345836445120958,0.38705402211728374
38.33833833833834,0.08274483305820589,0.3790654209129192
38.43843843843844,0.0820608569761473,0.38711292428258137
38.53853853853854,0.08147054802000905,0.3843231583518361
38.63863863863864,0.08179101247254257,0.3773685259491342
38.73873873873874,0.08133155059943654,0.3802099366597765
38.83883883883884,0.08050344307604566,0.3832890131087343
38.93893893893894,0.07953058994590406,0.4011466728496034
39.03903903903904,0.07811015106055988,0.3998205204683964
39.13913913913914,0.07801558673983411,0.38451960988248846
39.23923923923924,0.07835460862543865,0.3781114185602566
39.33933933933934,0.07950677061267503,0.36706611255135335
39.43943943943944,0.07971020213550556,0.3717236538217528
39.53953953953954,0.08006337124280884,0.38985648138046064
39.63963963963964,0.08076604346125864,0.39635026105164384
39.73973973973974,0.0811049244792434,0.39676725857535267
39.83983983983984,0.08182799300177901,0.36955044788716945
39.93993993993994,0.0819586272763245,0.3363104582173995
40.04004004004004,0.08253661784221006,0.3324731586711479
40.14014014014014,0.08274969997481312,0.3346614627405494
40.24024024024024,0.08201683081888612,0.3403273690568027
40.34034034034034,0.08083907022293847,0.3268152437230441
40.44044044044044,0.08053402977769544,0.3050209538632798
40.54054054054054,0.07999917447506927,0.29746121819768184
40.64064064064064,0.08034325357730177,0.3130172133640694
40.74074074074074,0.08031382366633702,0.3232334146940669
40.84084084084084,0.08024994947894637,0.33534128282589376
40.94094094094094,0.07870217945307559,0.34282590729394796
41.04104104104104,0.07843195811175219,0.335977831771637
41.14114114114114,0.0782369840314866,0.358282545103385
41.24124124124124,0.07945076897491077,0.37348889523612044
41.34134134134134,0.07972963872708698,0.391729607233981
41.44144144144144,0.0802832042381766,0.3896034666900855
41.54154154154154,0.08021299117647092,0.40258198139219165
41.64164164164164,0.08093350109524465,0.4053753675971813
41.74174174174174,0.08076419104314497,0.41079485666512405
41.84184184184184,0.08135454411723234,0.4138274891784418
41.94194194194194,0.08258898842990176,0.44198003025323823
42.04204204204204,0.08331767631666234,0.44691242426890043
42.14214214214214,0.08373335179854248,0.4680894715683357
42.24224224224224,0.08401449596975866,0.46519164866349816
42.34234234234234,0.08463068676004956,0.45604880158273714
42.44244244244244,0.08469725670602163,0.44913995387663086
42.54254254254254,0.08461474567485003,0.4405988786407114
42.64264264264264,0.08500173762523433,0.44162644787797833
42.74274274274275,0.08470903847299212,0.4455140970755788
42.84284284284285,0.08452857601910858,0.4641774996441451
42.94294294294295,0.08438866460321744,0.443426428069811
43.04304304304305,0.08454972055420619,0.4245755307162504
43.14314314314315,0.0848665037067909,0.4327256747075414
43.24324324324325,0.08480757077434761,0.41982347075549636
43.34334334334335,0.08452017811425243,0.4218768095736614
43.44344344344345,0.08326681514139354,0.4312680637511051
43.54354354354355,0.08293581423457325,0.45522389453285855
43.64364364364365,0.0826823717239491,0.45578479546210043
43.74374374374375,0.08371021038422494,0.4374540005541442
43.84384384384385,0.08418343467277409,0.4260586315662188
43.94394394394395,0.08442086864237681,0.42655138340377524
44.04404404404405,0.08344325110034062,0.42841862967591265
44.14414414414415,0.08328713865197457,0.4424638768201749
44.24424424424425,0.08286587796683825,0.4677163269005401
44.34434434434435,0.08200729538479348,0.495725802624312
44.44444444444445,0.08287814137416094,0.502874907099107
44.54454454454455,0.08331354402237162,0.4865598388236972
44.64464464464465,0.08380001632256509,0.4707711130946833
44.74474474474475,0.08449609905498427,0.4592564845188737
44.84484484484485,0.08437301442922346,0.47167973528818236
44.94494494494495,0.08457969688398867,0.48429798866539003
45.04504504504505,0.08446983773862855,0.4844773923147247
45.14514514514515,0.0853118142180042,0.4879142780477776
45.24524524524525,0.08571677071449395,0.48393118321469947
45.34534534534535,0.08500720606395187,0.45647588888462315
45.44544544544545,0.08469591635904875,0.46825964325702196
45.54554554554555,0.08472803805344871,0.4880360525599224
45.64564564564565,0.08513225069695958,0.5230408715221099
45.74574574574575,0.08513703074146717,0.5333089010982214
45.84584584584585,0.08649304756854106,0.5416552658507351
45.94594594594595,0.08700058382710685,0.544294503481705
46.04604604604605,0.08603246907564242,0.5572743236519516
46.14614614614615,0.08470236125618778,0.5587179945093544
46.24624624624625,0.08416289043793745,0.5663557042220178
46.34634634634635,0.08387842764215783,0.5616592105205342
46.44644644644645,0.0835533048016852,0.5584652627582024
46.54654654654655,0.08317740123349754,0.571901872397211
46.64664664664665,0.08329439876019198,0.5298494080714361
46.74674674674675,0.0834880551873313,0.5193206659410554
46.84684684684685,0.08344483313019521,0.5021319418904974
46.94694694694695,0.08363113357808993,0.490688308733809
47.04704704704705,0.08370552152599674,0.48142367139676007
47.14714714714715,0.08421968965666207,0.4707860015084341
47.24724724724725,0.08383903650797324,0.49109754817668544
47.34734734734735,0.08450906463581903,0.4851650204198255
47.44744744744745,0.08440708575677791,0.444015874305326
47.54754754754755,0.08470635300862876,0.46044455322439387
47.64764764764765,0.08447835479579734,0.4502053306419
47.74774774774775,0.08455813292060323,0.45463663122906955
47.84784784784785,0.0839017714029575,0.4687378513299211
47.94794794794795,0.07869765845715151,0.4611067972482062
48.04804804804805,0.07873916938174813,0.46134777435466084
48.14814814814815,0.078453992207024,0.4401606373347901
48.24824824824825,0.0840862655220155,0.44476435628762356
48.34834834834835,0.08355097422141643,0.45857825023669463
48.44844844844845,0.0848285138735219,0.47632401528442103
48.54854854854855,0.08553788297858125,0.4510995058332898
48.64864864864865,0.08653905155843807,0.43324496052691774
48.74874874874875,0.08704683866695047,0.46554058965121387
48.84884884884885,0.0877787513672179,0.4589212518907263
48.94894894894895,0.08804240826793827,0.4788134129412254
49.04904904904905,0.08760001391722597,0.459430114121753
49.14914914914915,0.0881987273997811,0.4700873586830325
49.24924924924925,0.0872236719037653,0.46493683854441265
49.34934934934935,0.0873896808591236,0.4791825796515691
49.44944944944945,0.08738590389771521,0.49484522287886445
49.54954954954955,0.08760050195371812,0.4775453992213669
49.64964964964965,0.08699856949285473,0.4326362388000738
49.74974974974975,0.08637925687800001,0.43188723616128494
49.84984984984985,0.08640933732574983,0.40728161330949264
49.94994994994995,0.0865650833647765,0.40893736046335216
50.050050050050054,0.08643490277121968,0.41644291229783625
50.150150150150154,0.08638898304861128,0.42109681674173244
50.250250250250254,0.08700373010607224,0.43213313342934795
50.350350350350354,0.08645880569376269,0.42844724018400915
50.450450450450454,0.08607545212797602,0.45435802089832655
50.550550550550554,0.08280311161339456,0.46107145661796045
50.650650650650654,0.08366218254049985,0.4560439772560215
50.750750750750754,0.08439318012215966,0.46038593263688354
50.850850850850854,0.08539102555152507,0.47786399174164057
50.950950950950954,0.08728742463210383,0.46812675291739353
51.051051051051054,0.0869083497750399,0.46952008642538745
51.151151151151154,0.08678783379461295,0.4849622761623995
51.251251251251254,0.08655809863927884,0.48431825413040286
51.351351351351354,0.08698660588505398,0.48033052299214946
51.451451451451454,0.08715152506997251,0.44137521741751423
51.551551551551555,0.0872233119440362,0.4145218302458409
51.651651651651655,0.08703041310620516,0.4312626219412421
51.751751751751755,0.0865340879783484,0.41833098085705134
51.851851851851855,0.08588744430934196,0.41443039773863716
51.951951951951955,0.08529373388789616,0.4182276142974568
52.052052052052055,0.08634684415133956,0.4233274310959924
52.152152152152155,0.08671827288930148,0.42211627882438363
52.252252252252255,0.08721045753586779,0.4258478810433344
52.352352352352355,0.08715176270447363,0.42938876259896186
52.452452452452455,0.08705080261709647,0.47422468526374345
52.552552552552555,0.08684438550840422,0.4578948499798927
52.652652652652655,0.08643534578644843,0.45511642866320906
52.752752752752755,0.0864234167111441,0.44100704385055706
52.852852852852855,0.08617920133306432,0.42789150966279144
52.952952952952955,0.08673260805449243,0.44057850278195165
53.053053053053056,0.08656067333553946,0.4341803286064133
53.153153153153156,0.08702635591983614,0.4152774752078777
53.253253253253256,0.08599667246137804,0.4127086059361946
53.353353353353356,0.08634456763516843,0.3990740983562548
53.453453453453456,0.08641524795859064,0.4065976614395911
53.553553553553556,0.08701208016747576,0.3986732260568902
53.653653653653656,0.08738618751019736,0.4227868372433797
53.753753753753756,0.08706707355601279,0.465273367073829
53.853853853853856,0.08700769507404425,0.4769767284841275
53.953953953953956,0.08623974698648527,0.5003493963734039
54.054054054054056,0.08635432524222322,0.5375989393209014
54.154154154154156,0.08613852415296837,0.5512663530559794
54.254254254254256,0.08627565547847754,0.5451749851103982
54.354354354354356,0.08504492852353866,0.5410407262954967
54.454454454454456,0.08395341894841951,0.5309830637517154
54.55455455455456,0.08233495296383173,0.5629695010408217
54.65465465465466,0.08276892806276108,0.5235661118093802
54.75475475475476,0.08287459372996787,0.4923879984568046
54.85485485485486,0.08375282420565015,0.48316529487648086
54.95495495495496,0.08313764076432888,0.42965495165999934
55.05505505505506,0.0825212182509174,0.4142898432347906
55.15515515515516,0.08207285963220042,0.4091638144054603
55.25525525525526,0.08301004336821212,0.429073082020402
55.35535535535536,0.08406643550744013,0.44822964929304354
55.45545545545546,0.08541907200163734,0.43888941951463367
55.55555555555556,0.08511885433559484,0.44060444089299017
55.65565565565566,0.0843814519768797,0.4472479821979311
55.75575575575576,0.08451972785737777,0.4498278892193157
55.85585585585586,0.0850776660148092,0.4546099211320732
55.95595595595596,0.08620525130520168,0.4765330732833219
56.05605605605606,0.08545873646795045,0.460276825531349
56.15615615615616,0.08569947042035858,0.4518860233299802
56.25625625625626,0.085170499265183,0.42473808230092436
56.35635635635636,0.08549246812685338,0.3995474569997205
56.45645645645646,0.08599399052644659,0.4057594803036067
56.55655655655656,0.08731989870919626,0.40905677164536636
56.65665665665666,0.0873116381899053,0.39898228602044833
56.75675675675676,0.08713955655660756,0.4187188623941694
56.85685685685686,0.08612957114882117,0.424813783414967
56.95695695695696,0.08516580908987059,0.4285932871248317
57.05705705705706,0.08614499414627395,0.44415215656983914
57.15715715715716,0.0867751043234264,0.44927403393071197
57.25725725725726,0.08738140523595876,0.46111987968634555
57.35735735735736,0.08716693410350602,0.43305201751574407
57.45745745745746,0.08736111600163833,0.4257209376000335
57.55755755755756,0.08783031575743391,0.45234572050449756
57.65765765765766,0.08961731233422764,0.45423476063273255
57.75775775775776,0.09082763073339709,0.4634873301912712
57.85785785785786,0.09206111232186594,0.4671720053856207
57.95795795795796,0.09263723211935555,0.4612789041298938
58.05805805805806,0.0927800892076857,0.4502008403199179
58.15815815815816,0.09341131173324957,0.4430287537071277
58.25825825825826,0.09313716580632556,0.440329087498087
58.35835835835836,0.09277736611804502,0.44838198690640213
58.45845845845846,0.09219728307311022,0.4320512935320541
58.55855855855856,0.09214788628079036,0.4525181362117105
58.65865865865866,0.09210873894114385,0.4235470380218209
58.75875875875876,0.09218008043031374,0.43738439502244014
58.85885885885886,0.09187634822916081,0.43091428173013224
58.95895895895896,0.0926033607750949,0.4469369705380745
59.05905905905906,0.09368765632998252,0.4607143349170108
59.15915915915916,0.09369908083676169,0.4312087215029312
59.25925925925926,0.09390727986961149,0.418681726064665
59.35935935935936,0.09383060849399687,0.4211296673640444
59.45945945945946,0.09343991961251985,0.39794143309885727
59.55955955955956,0.09385152324072163,0.3868732521396163
59.65965965965966,0.09412563583783258,0.3828475958353
59.75975975975976,0.09513198126040459,0.386663897046643
59.85985985985987,0.0954971072190817,0.4148122662694883
59.95995995995997,0.09670965839276542,0.4200801705471211
60.06006006006007,0.09834217173477425,0.45276563346523635
60.16016016016017,0.09884905486462948,0.4428907769627716
60.26026026026027,0.09851973036222303,0.42299932799756146
60.36036036036037,0.09805265588906574,0.3910521336351726
60.46046046046047,0.09674091541467758,0.3658310174827224
60.56056056056057,0.09715735060225028,0.37059538056966645
60.66066066066067,0.09645614367076362,0.3773916450035019
60.76076076076077,0.09608122953373983,0.38187419368457826
60.86086086086087,0.09527680768358873,0.3914479446506756
60.96096096096097,0.09504723792671248,0.3810502289301711
61.06106106106107,0.09529012900379802,0.37287178872069926
61.16116116116117,0.09520128611874422,0.35844621217492384
61.26126126126127,0.09573164232619641,0.377052224503195
61.36136136136137,0.09699126119676603,0.38081614933154007
61.46146146146147,0.09769107143807182,0.3792447398429363
61.56156156156157,0.09792999950710848,0.38845347260802965
61.66166166166167,0.0974754471661357,0.40078732735674877
61.76176176176177,0.0973109003890336,0.41692689530767946
61.86186186186187,0.09764764533926622,0.44243046723345725
61.96196196196197,0.09818853237273738,0.43985880877661293
62.06206206206207,0.09921820761038858,0.4532895360084154
62.16216216216217,0.0993650053193516,0.45923558233344836
62.26226226226227,0.09989592918855231,0.46304091447992535
62.36236236236237,0.09996615350239134,0.467397323367097
62.46246246246247,0.10035829006246005,0.4542917037374014
62.56256256256257,0.1011619708919238,0.45851394404794543
62.66266266266267,0.10159732534075291,0.46802869412094095
62.76276276276277,0.10130701995208558,0.46145163694794944
62.86286286286287,0.1018802991838525,0.4421434539338291
62.96296296296297,0.10208210777531715,0.43592962518359957
63.06306306306307,0.10179855624348827,0.3924007627968618
63.16316316316317,0.10056824551341087,0.39133759167848464
63.26326326326327,0.09979842676432733,0.38208175591445087
63.36336336336337,0.09959697327532106,0.3626785826468102
63.46346346346347,0.09996559920483732,0.3567455442522312
63.56356356356357,0.10165065818235,0.35158615408520505
63.66366366366367,0.10045933941241342,0.36604254159332994
63.76376376376377,0.10136492292423868,0.4049897790825174
63.86386386386387,0.10094580273067774,0.43091336247246487
63.96396396396397,0.10129575810937036,0.44945897908033844
64.06406406406407,0.10134543591670578,0.46762067955650133
64.16416416416416,0.10138651722482048,0.47097228574614486
64.26426426426427,0.10157514802636194,0.5030346563868371
64.36436436436436,0.10185561025123498,0.5052839127932421
64.46446446446447,0.10260765469330108,0.5027726864956169
64.56456456456456,0.10403288551849034,0.49727551851490226
64.66466466466467,0.10381802016786496,0.46611545561228035
64.76476476476476,0.10446147987689124,0.4600812461032311
64.86486486486487,0.10494523301892611,0.4546977288188792
64.96496496496496,0.10504333199315849,0.4418234462673665
65.06506506506507,0.1047700690096528,0.4160073398032813
65.16516516516516,0.10481281394200871,0.3848854304928441
65.26526526526527,0.10493297490459809,0.4110129994438203
65.36536536536536,0.10525591285357279,0.39927820090697086
65.46546546546547,0.10468627299001068,0.38982569263272626
65.56556556556556,0.10513012197590096,0.38618579208933074
65.66566566566567,0.10490825220945124,0.4047352329249489
65.76576576576576,0.1052899942381712,0.42535878846584585
65.86586586586587,0.10645789253173046,0.4563036062426853
65.96596596596596,0.10678577381034485,0.46719866992901066
66.06606606606607,0.10845091066666512,0.48730787072051074
66.16616616616616,0.1091735296685419,0.45869350062727976
66.26626626626627,0.11101077726188194,0.465083746976256
66.36636636636636,0.11193743080313427,0.4835749232024328
66.46646646646647,0.11362155704410637,0.4836583542784277
66.56656656656656,0.11431988922696854,0.483790573598002
66.66666666666667,0.11507581006965185,0.5321712467772904
66.76676676676676,0.11496385605087259,0.5505997179228385
66.86686686686687,0.11580379778540019,0.5918396847619565
66.96696696696696,0.11724769317575752,0.6233294665092333
67.06706706706707,0.11973940529144257,0.6521368610682916
67.16716716716716,0.12215061525390133,0.663176750171695
67.26726726726727,0.12267469594619688,0.6736830124096655
67.36736736736736,0.12263149188806326,0.7351670942523945
67.46746746746747,0.12197571255941878,0.8355753933133774
67.56756756756756,0.12234643769475319,0.8540875257368009
67.66766766766767,0.1233844386778893,0.8262504762668786
67.76776776776777,0.1243363571697151,0.8350382323474098
67.86786786786787,0.12487893340530126,0.8196878027433826
67.96796796796797,0.12546498678413837,0.8356791169283913
68.06806806806807,0.12537174007254306,1.671425564448146
68.16816816816817,0.12522282284169178,1.787023281621924
68.26826826826827,0.12437958034401508,1.7666473736240298
68.36836836836838,0.12391152147978615,1.6928272415552787
68.46846846846847,0.12368538896751223,1.734760558923648
68.56856856856858,0.12332290377215248,1.7662837928215436
68.66866866866867,0.1234347725035174,1.7896428303124035
68.76876876876878,0.12296548796699205,1.7956186152843412
68.86886886886887,0.12248921846547393,1.822462088001177
68.96896896896898,0.12288883904053635,1.5793437428219121
69.06906906906907,0.1227286902194037,0.9189793475231454
69.16916916916918,0.12421482909233356,0.9386714417811892
69.26926926926927,0.12546005288571926,1.0237543774546953
69.36936936936938,0.12537628391639272,1.0355108066147718
69.46946946946947,0.12507323591540973,0.970445381993579
69.56956956956958,0.12485567794395591,0.9662568609600926
69.66966966966967,0.12431181972781719,0.965939985545751
69.76976976976978,0.12432205735860441,0.98377556031248
69.86986986986987,0.12512650791428626,0.9339915091745874
69.96996996996998,0.1251030054241591,0.912108959026474
70.07007007007007,0.12593877741118178,0.8135773637319744
70.17017017017018,0.12356323390837248,0.7331357495702101
70.27027027027027,0.12401038241863187,0.7024754291820492
70.37037037037038,0.12428271633210963,0.6947026980020864
70.47047047047047,0.1253183570480089,0.6843575477126687
70.57057057057058,0.12583931014806574,0.6570743055500395
70.67067067067067,0.12617415344855193,0.6575936733556157
70.77077077077078,0.1253024006587663,0.6565728328885254
70.87087087087087,0.12621611765204194,0.627612295991443
70.97097097097098,0.12589377536546673,0.6480795249316672
71.07107107107107,0.12770618366972905,0.6663406096565517
71.17117117117118,0.12826989883507212,0.6688173041243116
71.27127127127127,0.12996800809285813,0.6481352081269269
71.37137137137138,0.1340848078398112,0.6535323440516965
71.47147147147147,0.14128355579221366,0.6690910948880939
71.57157157157158,0.14975202908125282,0.6843141398227532
71.67167167167167,0.1591838169636539,0.7186878714632224
71.77177177177178,0.1683155948712947,0.7619409065344481
71.87187187187187,0.17771333723747476,0.79475321485213
71.97197197197198,0.1870545206288891,0.8024701180350635
72.07207207207207,0.19662508545596213,0.8198376580024468
72.17217217217218,0.20675830566512704,0.8333605434222334
72.27227227227228,0.21757229924308163,0.8739147016538462
72.37237237237238,0.22713231034311054,0.9519471392072015
72.47247247247248,0.23677939898684291,0.9900779649949749
72.57257257257258,0.24594409500917497,0.9975682892823756
72.67267267267268,0.2557611163549271,1.0391665930450604
72.77277277277278,0.2664453333291569,1.0873364455038859
72.87287287287288,0.2760440862146661,1.1318908077927639
72.97297297297298,0.2863360578010633,1.176772035707126
73.07307307307308,0.29553598248765295,1.2194943596519399
73.17317317317318,0.30418589748036773,1.2509857785718408
73.27327327327328,0.3117952248276234,1.2580249841237439
73.37337337337338,0.3168660681372094,1.2822972217359234
73.47347347347348,0.3165169779620924,1.2892496395608313
73.57357357357358,0.3153803717637729,1.2864514589491962
73.67367367367368,0.3141043125678496,1.287709633564298
73.77377377377378,0.3143816782764179,1.2849614421066735
73.87387387387388,0.31386308626802367,1.284983105820237
73.97397397397398,0.31301743437908663,1.2941369830744425
74.07407407407408,0.31210021764498524,1.2924091330838576
74.17417417417418,0.3122231113801873,1.2860242645223117
74.27427427427428,0.31058960161953697,1.2838137771216027
74.37437437437438,0.3085904977317646,1.2831296764271
74.47447447447448,0.30668805480717526,1.2857686128363548
74.57457457457458,0.30494823253464237,1.2894001877915287
74.67467467467468,0.30339232270543337,1.2962399428660736
74.77477477477478,0.30063612188777483,1.3055601138134179
74.87487487487488,0.2993684348299544,1.3241291697782414
74.97497497497498,0.2977631506112851,1.3888937228604763
75.07507507507508,0.2944165142350381,1.444669821754652
75.17517517517518,0.2908586374486199,1.5515533726709239
75.27527527527528,0.2880581766610929,1.6667017319942647
75.37537537537538,0.2857175341257462,1.7781566632442607
75.47547547547548,0.28271884087916827,1.9834413120532306
75.57557557557558,0.2791161184038462,2.1325301047141365
75.67567567567568,0.2757298451072069,2.2777461311918485
75.77577577577578,0.2713974594190676,2.437259559723819
75.87587587587588,0.2671497011284943,2.399419967774046
75.97597597597598,0.26307519581093625,2.4200350694485158
76.07607607607608,0.2587951723956933,2.4252343620085814
76.17617617617618,0.25425262096662715,2.431394182588917
76.27627627627628,0.2503153541742338,2.4773730567887697
76.37637637637638,0.24779079906042176,2.464457796810571
76.47647647647648,0.24436813295378212,2.4369786983060475
76.57657657657658,0.2407830131776445,2.5106844638912342
76.67667667667668,0.2378030492082567,2.5629230521828634
76.77677677677679,0.23436423961789543,2.606525303332814
76.87687687687688,0.23298896794292404,2.6712183114930084
76.97697697697699,0.22969510113495523,2.730528367415293
77.07707707707708,0.22615841064577288,2.807084174594902
77.17717717717719,0.22332475553961423,2.8128005528734628
77.27727727727728,0.2197669238832336,2.7965651247170737
77.37737737737739,0.21737438302879422,2.8454679306128368
77.47747747747748,0.2146004744989227,2.967053945933043
77.57757757757759,0.212040971934764,3.0307293733060634
77.67767767767768,0.20970184649754636,3.1666037043059556
77.77777777777779,0.20473311691891596,3.309025252394129
77.87787787787788,0.20243791564108463,3.421401001053274
77.97797797797799,0.1994710669114442,3.4629274205376412
78.07807807807808,0.19736188276597633,3.5807536093392036
78.17817817817819,0.19576547660029592,3.7219954551654846
78.27827827827828,0.1938216032893262,3.7375434431981382
78.37837837837839,0.19085227921608058,3.6565015634804157
78.47847847847848,0.18810578962391108,3.4789411213313053
78.57857857857859,0.18596189715007422,3.3106433707780227
78.67867867867868,0.18320397508275013,3.1209244482516683
78.77877877877879,0.180407408530483,2.878058454047216
78.87887887887888,0.17770757048620195,2.683807708473616
78.97897897897899,0.17511680183263148,2.440842906959535
79.07907907907908,0.1728453533177566,2.256879230582704
79.17917917917919,0.17059660778845054,2.18359605206957
79.27927927927928,0.16937647454606378,2.09995667171662
79.37937937937939,0.16797438777260087,2.039661012964361
79.47947947947948,0.16584364281550645,1.9384269104104104
79.57957957957959,0.16463383775037016,1.8697371219371024
79.67967967967968,0.1622719740930347,1.7760049662639736
79.77977977977979,0.16157729607577084,1.771084229897275
79.87987987987988,0.16324831751766242,1.9895742644316976
79.97997997997999,0.16509053111138602,2.2454310571621483
80.08008008008008,0.16652211493724428,2.459554328911603
80.18018018018019,0.16726461274481857,2.612337645858576
80.28028028028028,0.16914013430382688,2.6893279782897435
80.38038038038039,0.17050960769108692,2.811226737451894
80.48048048048048,0.17258155933309768,2.9441793990092124
80.58058058058059,0.17521806647616378,3.1123833406137775
80.68068068068068,0.17794514491377844,3.1853004844659485
80.78078078078079,0.17890811172058219,3.0238530587294785
80.88088088088088,0.17955961357921738,2.827928491292577
80.98098098098099,0.17981354358945342,2.5027316635773507
81.08108108108108,0.18164950498348773,2.7290171893577733
81.18118118118119,0.1856340556722379,3.3617978567201825
81.28128128128128,0.1888708707643605,3.742003072136097
81.38138138138139,0.19371004231167957,4.44443701529688
81.48148148148148,0.19480416940426037,4.531460955364246
81.58158158158159,0.19639294066807067,4.731822543536556
81.68168168168168,0.19806936615262266,5.206504775063351
81.78178178178179,0.1990150388938381,5.20455803146106
81.88188188188188,0.19995986639459454,5.555489129673803
81.98198198198199,0.19987975814720726,5.408679847076078
82.08208208208208,0.19875910384232157,4.917453436784045
82.18218218218219,0.19854372103284046,4.706613314543558
82.28228228228228,0.1963145080419769,3.8662330947413768
82.38238238238239,0.19695774282132955,3.7692784122395744
82.48248248248248,0.19703245117933332,3.5871838005253136
82.58258258258259,0.19557926577317775,3.1225923592241056
82.68268268268268,0.19571108516904132,2.9435307093339973
82.78278278278279,0.19582024068359413,2.6266732843166256
82.88288288288288,0.19559218595689382,2.570492364408827
82.98298298298299,0.19236214908484875,2.077652416385932
83.08308308308308,0.19056156553804213,2.069729425647321
83.18318318318319,0.18894127584013248,2.030020048185482
83.28328328328328,0.18783671648165365,1.839057920932708
83.38338338338339,0.18734981086485683,1.883346690727516
83.48348348348348,0.18699147958485796,1.842108030572046
83.58358358358359,0.1879760225945865,1.8570063111874409
83.68368368368368,0.1902769833046811,1.7798035467759548
83.78378378378379,0.19323889627221905,1.6802281309941833
83.88388388388388,0.19600065895672655,1.6693022188825606
83.98398398398399,0.1975140638983856,1.5431930525480089
84.08408408408408,0.20174083586553254,1.5670125514547202
84.18418418418419,0.20490256642975052,1.3260872593708906
84.28428428428428,0.2081088560812393,1.1139217329231323
84.38438438438439,0.21107965907524137,1.0389327795802032
84.48448448448448,0.2138592391176328,1.0554134364492904
84.58458458458459,0.21769682875822127,1.087372438877162
84.68468468468468,0.22069108536984747,1.1879390437944768
84.78478478478479,0.22345492030054248,1.3824146494842404
84.88488488488488,0.22700963972772864,2.1930321998055127
84.98498498498499,0.23148040861475785,2.938787846569074
85.08508508508508,0.23593067636436776,3.376296594368694
85.18518518518519,0.24104275385015125,3.6386494372150517
85.28528528528528,0.24624164498089557,3.9987633062518277
85.38538538538539,0.2518567846827427,3.9664032792066823
85.4854854854855,0.2580233039731715,4.023778887202309
85.58558558558559,0.2649282063269478,4.648135156359841
85.6856856856857,0.27105542372961605,6.844429176055665
85.78578578578579,0.2747853067559133,7.026203410743649
85.8858858858859,0.2784907967042741,6.2917220063254735
85.98598598598599,0.2825658485355902,6.636172414051014
86.0860860860861,0.2859486588153943,6.259882721432685
86.18618618618619,0.28995719118789154,6.692554950009359
86.2862862862863,0.2946078100528482,7.767450906068029
86.38638638638639,0.29927328489371213,8.314154596427342
86.4864864864865,0.304269454543687,10.337467996011306
86.58658658658659,0.3080084182685979,8.754348430113318
86.6866866866867,0.31143362841717626,8.380177921419326
86.78678678678679,0.3135735651217804,8.292376528999773
86.8868868868869,0.31519484799225284,8.199693123360449
86.98698698698699,0.3161372658399641,8.726138409188573
87.0870870870871,0.3176927060983566,8.472875868421065
87.18718718718719,0.3204035292956056,7.958005267378049
87.2872872872873,0.32069085868122726,8.367825961569672
87.38738738738739,0.32038394458229374,6.4341629151850706
87.4874874874875,0.3211102366243461,6.864444807656948
87.58758758758759,0.3210412153983049,7.0935919191958545
87.6876876876877,0.3216900760041765,7.658882374620455
87.78778778778779,0.32178262439253996,8.0556015802234
87.8878878878879,0.32104736195564637,8.305081942336537
87.98798798798799,0.3197461546285879,7.661378918047428
88.0880880880881,0.3172390631267899,7.7448165609609925
88.18818818818819,0.31573572039977194,7.444683523675681
88.2882882882883,0.31350476903022984,7.712586150195308
88.38838838838839,0.3106198205656342,8.694867667805772
88.4884884884885,0.3062910981919443,10.379886934134536
88.58858858858859,0.30227090432168935,10.38644139998485
88.6886886886887,0.30125892324177406,10.142031001656028
88.78878878878879,0.3023160452012507,9.855241583057754
88.8888888888889,0.301740030442882,10.65611448902507
88.988988988989,0.30056379274842704,11.167006725020105
89.0890890890891,0.29886035329127175,11.415461409898633
89.1891891891892,0.29699869351966346,11.581279243370995
89.2892892892893,0.2940347027212688,10.609388990483598
89.3893893893894,0.2937229001930996,7.427959471403223
89.4894894894895,0.29264752614394024,7.15379455938398
89.5895895895896,0.2927078005539006,6.5595449125753
89.6896896896897,0.2906313541163942,6.0852971407444105
89.7897897897898,0.28840602467655047,5.238306802892793
89.8898898898899,0.28681898869788475,3.9176263975142787
89.98998998999,0.2859774640326788,3.6775547318149404
90.0900900900901,0.28569252829051467,2.779847517880767
90.1901901901902,0.28560290464428045,2.2143163402318375
90.2902902902903,0.28592615107693486,1.8972537051796596
90.3903903903904,0.2873745411892642,2.249378565664484
90.4904904904905,0.28923739757960787,2.6733638354558042
90.5905905905906,0.2886157504494327,2.7762572751953103
90.6906906906907,0.28592280468323955,2.833385979501791
90.7907907907908,0.2800296783006463,2.7945878031381968
90.8908908908909,0.27470482381169775,2.7846399792406062
90.990990990991,0.26800403321087907,2.77504581997429
91.0910910910911,0.2620143169257192,2.7409073334053065
91.1911911911912,0.2555155325393259,2.6485871927354956
91.2912912912913,0.25041359073636144,2.6278524833324832
91.3913913913914,0.24516250835359396,1.4213922456792822
91.4914914914915,0.23947454476578223,1.351604065909582
91.5915915915916,0.2342554588748007,1.440401121005011
91.6916916916917,0.22929965834574084,1.5490651225018022
91.7917917917918,0.2268581337897196,2.404370605930604
91.8918918918919,0.2239733429647935,2.577075336681975
91.991991991992,0.22264196992148913,2.596250641893845
92.0920920920921,0.222321411708294,2.749417616841574
92.1921921921922,0.2248854509671299,3.8089288482738923
92.2922922922923,0.22803933744162472,5.271773971705418
92.3923923923924,0.23154407778357441,5.70905369016977
92.4924924924925,0.23378598408185786,5.906503750115791
92.5925925925926,0.23567855241000346,6.3508164520361134
92.6926926926927,0.23841412773189757,5.4773349562196385
92.7927927927928,0.24437205515048055,6.3152375373366585
92.8928928928929,0.25103092644610975,6.549635700132973
92.992992992993,0.2590085429195052,7.9691469344618975
93.0930930930931,0.2692088100833148,7.941450477190271
93.1931931931932,0.27831240111424094,6.385195653070726
93.2932932932933,0.2865142697394419,7.50595742476252
93.3933933933934,0.29403471732399816,7.659153946147898
93.4934934934935,0.3015079259983731,10.564363521896798
93.5935935935936,0.30990904946230874,11.228742150952877
93.6936936936937,0.31702989841586404,11.462349766044085
93.7937937937938,0.32619014129874724,13.34407640390337
93.8938938938939,0.3322085045246904,13.023979725262025
93.993993993994,0.3346266696992185,13.951139463971092
94.0940940940941,0.33506400358111177,14.288827237020351
94.1941941941942,0.332339250448214,13.922886898789109
94.2942942942943,0.32850651336721665,14.352309004059153
94.3943943943944,0.3220156139096531,12.446482425233262
94.4944944944945,0.3147102876327059,11.28308191495661
94.5945945945946,0.3096349252251147,11.966243202907616
94.6946946946947,0.31106716959109,10.629405268212011
94.7947947947948,0.3154086220940373,9.826018156368082
94.8948948948949,0.3197385349288311,10.017887571429064
94.994994994995,0.32616108779934455,9.983099171743234
95.0950950950951,0.3360148084209368,9.576496052834614
95.1951951951952,0.3411061580729126,9.544266276914446
95.2952952952953,0.3452843943347683,10.401543049355862
95.3953953953954,0.3498409033305298,11.795905897840246
95.4954954954955,0.3519514839250372,12.27153390888653
95.5955955955956,0.35127365495182733,13.18127926700569
95.6956956956957,0.35141136170209797,14.971005394804635
95.7957957957958,0.34879272914774406,16.79822760047264
95.8958958958959,0.3486811950860389,16.32223267539665
95.995995995996,0.34976595015951784,16.127378318675753
96.0960960960961,0.35178582910220785,15.773906190689624
96.1961961961962,0.35460397748562034,14.648414703552817
96.2962962962963,0.3553497284565683,12.73538880060262
96.3963963963964,0.35670663821572635,11.903584193053334
96.4964964964965,0.35641227413315435,9.694806756862418
96.5965965965966,0.3576571911714993,8.999306592412825
96.6966966966967,0.3615287100252138,5.578719204018506
96.7967967967968,0.3677564577395405,5.0750552041103125
96.8968968968969,0.37063744009334915,4.325899606787213
96.996996996997,0.37252248617527467,3.9422215203567
97.0970970970971,0.3703421363928083,3.545994613878893
97.1971971971972,0.3681408411309687,3.598861215250306
97.2972972972973,0.36981206269896416,3.6131700638621456
97.3973973973974,0.3729155240732146,3.11617937893082
97.4974974974975,0.3723218457359355,2.274119864968563
97.5975975975976,0.3764283141421522,2.1564502686723332
97.6976976976977,0.3980375554578795,2.053663998264883
97.7977977977978,0.42288563808218377,2.1032409966402965
97.8978978978979,0.43204714772104136,2.056467931577904
97.997997997998,0.4540993038708853,1.9914603392330068
98.0980980980981,0.49023088014408284,1.8094430125642316
98.1981981981982,0.5176957273060927,1.567362191767187
98.2982982982983,0.5213878372460373,1.3274328324317608
98.3983983983984,0.5213462265605029,1.3523531625174001
98.4984984984985,0.5377760532393532,1.3073519413606238
98.5985985985986,0.5584388461156178,1.3885495291695829
98.6986986986987,0.5894721194018014,1.5757639624618371
98.7987987987988,0.6258693338891791,1.706712869953429
98.8988988988989,0.6779992964844745,1.8178357531452793
98.998998998999,0.7298832582081064,2.02015458002214
99.0990990990991,0.806860869931303,2.440512175671889
99.1991991991992,0.9175338839884725,2.8820997126298074
99.2992992992993,1.001022166546335,2.9544092266975572
99.3993993993994,1.0579174379595044,3.106809841651544
99.4994994994995,1.0711304339280217,3.36675004657231
99.5995995995996,1.1262117291184504,3.466577762972262
99.6996996996997,1.1704349910017,3.4265007991027177
99.7997997997998,1.2934745056324444,4.110388735378334
99.8998998998999,1.4526260934651904,6.262269530188079
100.0,1.5930203966754541,8.565851672100678
